Raw_Delta,Sealed_Delta,Fidelity,Energy_Scale
6.234348679309007,0.22780647607019855,97.70178149724906,63859.71292584786
6.37883862011898,0.24216466308699847,96.14027042852787,81158.46315122595
6.297845087634664,0.23952345524000584,97.2730332735849,70250.77567944214
6.188962632035852,0.22189592862642193,95.16686227615088,59380.800655708576
6.7441866437897025,0.22155766877380767,95.02178918262203,165234.43191930337
6.547823543829412,0.2225191012875838,95.43412895015506,114878.76910919353
6.697146245841639,0.23253405597130428,99.72934887143681,148486.4509558677
6.137941728299015,0.24114179560162707,96.57895846444482,52171.29558796389
6.441382366134354,0.23033116565137846,98.78457191683664,93075.69640999417
6.052045667113304,0.23428462858873988,99.51986446826186,45102.35322106597
6.696481915738673,0.23557062311184218,98.96832634664989,147477.60946180034
6.443059419806221,0.2342107423107045,99.55155286060604,92698.83091643227
5.8925144597323005,0.23571425186538075,98.90672675853887,33529.51055459205
6.458579337591819,0.223989561431571,96.06478080064934,97200.2435038066
6.628493006233147,0.22615609735658104,96.99396606000977,132393.3729711265
6.254166843453348,0.24139587514509842,96.46998867364964,64596.65826663482
5.806602163883706,0.23685913743203635,98.41570753291215,28561.381865046373
5.922959532823552,0.24433396907338345,95.20989714354212,34905.02946919541
5.857293910851587,0.23649735940986272,98.57086711345903,31377.865752574697
6.869442124592999,0.2340115574267223,99.63697939609393,203395.95818523978
6.462118555201948,0.22551671795608996,96.71974862967924,97561.17412691434
6.033008487503224,0.24119499016189216,96.55614434873786,42997.251725553346
6.4638261180825065,0.2297457937427474,98.53351725281524,97109.06827742145
6.123391181700753,0.24432554283175723,95.21351099523066,50494.480723472145
6.606132788756447,0.22551460524860723,96.71884253039529,127201.17779169894
6.041126003016619,0.23271627525123062,99.8074991882279,44332.06751091246
6.062924684856717,0.23428082087935653,99.52149752100291,46015.659771631006
6.862680770185508,0.24212012544124484,96.15937176141747,197900.24018189491
6.517138390426173,0.22984980443765934,98.57812542358795,107109.20950740091
6.24134629233225,0.22885778685853797,98.15266831442797,64563.055829049794
6.1188401988158345,0.22638194868407524,97.09082931618384,51755.70263587675
6.241233809031843,0.24477853646696968,95.01923080649041,62684.08484925819
6.054550999338911,0.22437580142803348,96.23043164776682,46145.647798285376
6.427309677099155,0.2366650459273032,98.49894961677664,89641.86019745351
6.422241673881965,0.23368043914130254,99.77898960989425,89298.49189258518
6.496613724612671,0.22531491796484193,96.63320052537958,104000.36642289824
6.031414248023872,0.228100807742325,97.82801464572617,43917.82901477371
5.943971156717675,0.22537483927196345,96.65889961241348,37572.10221357463
6.26098571935798,0.2302640959395328,98.75580701759027,66768.37311358275
6.213386130687528,0.2271328168114204,97.41286210022338,61517.06279980377
5.915485401340158,0.2253007607233135,96.62712875892994,35656.23904142864
6.211904916922985,0.23723720151485406,98.25356317666464,60218.087772520645
6.48441110128659,0.24298910408854724,95.78668366497217,98431.2919931939
6.7795715556218905,0.24221285976881113,96.11959980600395,169779.16709909964
6.594144984273259,0.22646144802583557,97.12492504274893,124206.21641495002
6.266763135166445,0.22349567646822432,95.85296311396161,68329.40061482613
6.55541308819859,0.22746164797503976,97.55389141181998,115440.28495956426
6.379642729879055,0.2230077994885704,95.64372213501333,84198.19595685706
6.7617681859510315,0.2299297060675629,98.6123936837392,168061.48620012467
6.149677470999342,0.2239819053894916,96.0614972726159,55023.54404276591
6.343415187634506,0.2320502549950172,99.52185601131815,77461.5779368759
6.7395985035670805,0.2384545128690867,97.73148193473934,158822.65732715532
6.325776601094277,0.23142988133687492,99.25578977544966,75070.89450494312
6.1904850137994485,0.23483974704721433,99.28178492254145,58144.51392151971
5.933709425387726,0.23037253802444102,98.8023157256287,36530.668653378074
6.44887949275265,0.23116229171628966,99.14102577447676,94225.65210963786
6.070614571243757,0.24362287241660052,95.51487271483808,45875.82553187899
6.45513877425807,0.24416644488690054,95.28174501962363,93062.17465536146
6.12787684429446,0.2303757393421817,98.80368870874928,52238.72522840024
6.227376513741449,0.2293996658417301,98.38506970585055,62860.02790306253
6.19533131979599,0.23007518524289683,98.67478688188733,59183.08090330209
6.0446055141673245,0.24369744176615615,95.48289136636039,43723.661691582965
6.101730667290065,0.24036612168807991,96.91162996931963,48874.547625834864
6.039268109481183,0.22404104215994103,96.0868598870796,44892.31274815545
6.38396509327001,0.23663927251808126,98.51000333236752,82766.6561054124
6.013621060342934,0.23524249962483612,99.10905214946553,41946.18762252894
6.225442495638451,0.24462737449771232,95.08406124478982,60903.8807103398
5.866379954090255,0.23307817015816656,99.9627088983835,32109.082925192677
6.514335095886571,0.24218644305170223,96.13092942387685,104163.30541819177
6.074660432530515,0.223183796363279,95.71920378282952,47992.376920807954
6.432856916952807,0.24480289115571452,95.00878555260988,89215.09714500007
6.06421323948383,0.23337334176662594,99.91069772072858,46202.185388443475
6.2691116715665505,0.24144449380995248,96.44913707077951,66393.7503420593
6.524742808353282,0.22607030791750038,96.95717263263921,109379.02047847613
5.858883989144426,0.24200498348935007,96.20875391252771,31152.23882896059
6.535213174125999,0.22787330658528138,97.73044380964073,111139.3842697844
6.337034455850591,0.23311135929005466,99.97694307367013,76406.93757647011
6.0540640099398475,0.2217228592451388,95.09263617351462,46330.13297997859
6.186622884172764,0.22498357995719065,96.49109607697353,58790.08068530439
6.461349901687394,0.24279601663497008,95.86949513075966,94370.98892024973
6.887785120605791,0.23708360603075285,98.31943730230626,209198.7743063374
6.345962013427074,0.22918864738837108,98.29456798185385,78237.17164506523
6.274170322486683,0.24065481419436807,96.78781534975383,67112.88920708823
5.8603140200913035,0.23689497674067095,98.40033674819331,31529.817777833734
6.253821082783408,0.22886613892226482,98.15625035265344,66062.8615055895
5.8290609482436935,0.24329424274065659,95.65581561227657,29417.014954576884
6.058630384091558,0.23902689205217076,97.48599959883761,45255.69067074438
6.309058474941044,0.22589253407139687,96.8809288762388,73540.54553796769
6.082366152773708,0.23767236635394529,98.06692941296483,47396.455678801554
5.901642290175259,0.22182083671082786,95.13465680922938,34982.009078213334
6.444119562267651,0.22643532572625968,97.11372169484856,94219.93057307832
6.424444993981855,0.230689373190466,98.93820018640267,90157.04724139872
6.014188575055401,0.23641004397391718,98.60831501130308,41899.84920098281
5.9017876243161975,0.2424031190717333,96.03800127920795,33689.51146650541
5.925707283609215,0.22792531947475503,97.75275112965225,36158.762664292044
6.115708847026598,0.22822180988563012,97.87991011933094,51283.91377930316
6.0920554632310795,0.22407559423788026,96.1016786035065,49473.78267637214
6.292132555911137,0.2358088756168204,98.86614446585304,69992.69878860294
6.6525049354300085,0.24462943732545384,95.08317653795996,133751.03502168087
6.303455476463413,0.22310862359105155,95.6869636380654,73159.63769613407
6.350420759742385,0.22312058623774522,95.69209418533322,79769.10042603528
6.393047216810263,0.23946874373099458,97.29649797920264,83725.46946054946
6.3504790487543925,0.23057823051291226,98.8905332465303,78689.20099174092
6.233879708900293,0.23360651743523597,99.81069319663422,63126.494564315864
5.9512436711544545,0.23665437548682,98.50352596185056,37295.78839186403
5.971058621302141,0.2280916241649118,97.82407598739974,39297.284980494514
5.732046686860408,0.22528276116786028,96.61940909852223,25432.793481055123
6.4278463254105285,0.23720617229922514,98.26687100573828,89641.12074619773
6.417381383417904,0.24143288766650706,96.45411472071507,87247.66622540056
6.2294001728821256,0.23384035823952054,99.71040340874289,62580.77138058702
6.463150978960794,0.2251523172475558,96.56346422979381,97812.52930059061
6.6307326393434245,0.22214883926470907,95.2753307461721,133925.66060829005
6.350858516807337,0.23092261142417847,99.03823154345662,78694.28713227282
6.281447601690015,0.2290668357302179,98.24232532302341,69486.16811435927
6.208429293013665,0.24348105178954516,95.57569683255147,59149.52354916648
6.571337886891295,0.22224669618476955,95.31729968220355,120024.34212279481
6.343772070309544,0.223870698592898,96.0138028333303,78689.28121950536
6.764656101657591,0.23388206080892626,99.6925179851402,167732.2773164879
5.8396042796189676,0.24136476157570108,96.48333268041932,30100.740982223346
5.897819780913815,0.24191494493879784,96.24736970143826,33474.25305882866
6.205643032205104,0.2342464010386296,99.53625952345291,59856.32506101088
6.19571671308635,0.2330558657767421,99.95314298156693,58900.815068914795
6.675300414444669,0.22816983291928672,97.8576182060536,143780.98175456762
6.4962584282387486,0.23728683850838284,98.2322748323665,101665.35933567736
6.191186240102642,0.2302371728906314,98.74426024382694,58715.37747053492
6.223796631492205,0.22626385383288916,97.0401807238103,62808.62812926899
6.810762292431709,0.23171343331744598,99.37739972318586,183331.3423680561
6.763069864375213,0.2435783704265857,95.53395875567251,164282.2156849213
6.691153288551462,0.22270255862223554,95.51281024461787,149540.10448368188
6.40360842175378,0.23483421135413085,99.28415907399406,86102.21509550669
5.909708498108363,0.22375297306431996,95.96331263626394,35379.53698052449
6.1654020393978275,0.22553227371498963,96.72642019311878,56479.146241749266
6.348282580675673,0.2299634549018652,98.6268679045413,78460.26406246478
6.298047718106473,0.22850970524110092,98.00338285636417,71717.36997414782
6.569584347688097,0.2349212999245287,99.24680847438557,116876.37208932778
6.371042543308071,0.22879324082755037,98.12498577297941,81996.2791891498
6.0596772555835114,0.22680233385176152,97.27112436532596,46375.710126022874
6.668420086348385,0.22755105654801344,97.59223701555938,142132.09852792788
6.088604940251155,0.2284503267037019,97.9779165527425,48765.73622239902
6.418098296660918,0.23299032802318553,99.92503510953334,88732.24721236018
5.833913356088478,0.23158721030482265,99.32326511993847,30328.19732156529
6.323795898776278,0.2215396660810658,95.01406817669204,76172.68859568895
6.153696360294335,0.2259375041650049,96.90021567763004,55233.07494760273
6.600294104376301,0.2294852908138525,98.42179259653095,124923.33631606027
6.174684376334355,0.2310071997320957,99.07450982895543,56876.66268122805
6.030985608436684,0.2310582005498354,99.09638309101952,43644.74654140175
6.046590154834351,0.23401154159374737,99.63698618654996,44673.82815059058
6.472067135061255,0.24107928728325323,96.60576707045495,96557.4483478359
6.090334772506726,0.23680235276750672,98.44006137474305,48174.46727840277
6.057556652650081,0.2314546507011075,99.26641287560828,45800.700395865126
6.806277566544414,0.22873328882197175,98.09927351997234,182823.93267917333
6.101842358226675,0.22671263238043782,97.23265314316217,50129.70135640347
6.160469916772988,0.22854219235588502,98.01731595012369,55658.86895919553
6.124803406929102,0.22152748028476132,95.00884192488196,52797.39749802068
5.9199828875460625,0.22730233452714899,97.48556496235328,35820.55565454422
6.272019308834148,0.23159350184604133,99.32596344000395,67972.65854735785
5.937766566203583,0.2359963076179472,98.78575851398905,36425.39619021322
5.930968575322654,0.24112899931611675,96.5844465432408,35633.58134310107
6.322396908163437,0.23233926566130947,99.64580708354211,74480.1054797595
6.100464076082293,0.23348119841283044,99.8644400960013,49383.004341084794
5.9475794713147625,0.22279885136902777,95.55410833705649,38002.5787884954
6.227982097257854,0.2253226617917985,96.6365217026451,63404.5900414552
6.675368105002443,0.2350655094731673,99.18495979451502,141983.87270600628
6.842014111518153,0.24013947376261502,97.00883487092108,191204.20487320068
6.181762048262128,0.23608420792128548,98.74805977785807,57086.66400336509
5.999326914116509,0.23477559475623444,99.30929859653345,40891.254542434865
6.122404213205332,0.2417239418845316,96.32928720876794,50644.8911271295
6.3131414882564885,0.2292888016478134,98.33752220221163,73633.63684524485
6.482322480250547,0.24438279640878324,95.18895604592007,97801.90329331736
5.900716970234389,0.23841892196596337,97.7467461831498,33870.812656216265
6.6154564748894025,0.23473397023925457,99.32715054496377,127225.62415634752
6.622014093707401,0.23610921334311108,98.73733543717384,128445.98193646192
6.183053012432898,0.22592844786519706,96.89633160620124,58303.1746187684
6.787464658697124,0.23392572946989354,99.67378934297997,174915.64686978408
6.044602904094841,0.24463604755207324,95.08034153990388,43647.91826688989
6.498040824347055,0.23566402266269026,98.92826908986633,102305.07928410251
6.055887097771949,0.22788062758790595,97.73358364574682,45961.66227022038
6.497539245984,0.22550277263829255,96.71376775320964,104141.78289497689
6.351538527368684,0.23964540890126873,97.22072971237348,77536.98215785097
6.618401041822537,0.23654978106933555,98.54838447991897,127490.43476017249
6.193963186376892,0.23636065756316071,98.6294958855078,58354.530707155034
6.590586879317801,0.22321084932578206,95.73080627401819,124135.87947619575
5.992074784175242,0.22779334057374712,97.69614793745613,40870.93084776391
6.454662511266901,0.23249174781223925,99.71120372216875,95001.84493279329
6.489814649173173,0.23201451422446162,99.50652748767124,101446.21009044646
5.985251441983733,0.2398206546302184,97.14557021641214,39476.04438058733
6.04721718202131,0.23783306811345373,97.9980075435581,44411.711750388546
6.077981057572625,0.23919832045602263,97.41247727961085,46883.1654318669
6.458484371028522,0.2405787340804082,96.82044463579793,94258.36496748339
6.358244885067779,0.22855450459988536,98.02259643289929,80121.09644796806
6.296992400175972,0.2408177828606508,96.71792124797621,69973.48226638504
6.266368700600877,0.2368432107995222,98.42253815685545,66621.41813454965
6.634260522548142,0.24347407477003902,95.57868914096628,129606.20891918796
6.219286427763428,0.23873596085072624,97.61077435135829,60874.19614105882
6.406979851755472,0.22671050653102576,97.23174140755948,87944.87540317742
6.776193245925832,0.22266211025733362,95.49546272501377,174913.13573794678
6.272857326485678,0.22215388417859572,95.27749441194108,69271.80186819093
6.695204892374842,0.22816139512821554,97.853999401032,149152.96327546964
6.39770870346726,0.22396802419708361,96.05554389828274,86893.55098688164
5.783282811466369,0.24200438343460107,96.20901126437734,27102.335585039527
6.06557308056172,0.22370727989383177,95.94371572121584,47150.18811246038
6.265176970838381,0.22987825510843152,98.5903273647583,67333.70667595019
6.337780342492009,0.23472442630894363,99.3312437516625,76284.98056625367
6.280003574229862,0.23873200330240607,97.61247166711468,68078.6409681157
6.773980552580883,0.22977456169986965,98.54585527195047,171934.19784123954
6.1657228151800645,0.2301372959743233,98.70142497056305,56035.166284586856
6.323027542175554,0.22875915721101947,98.1103679705693,75060.06256066205
6.0335952489842315,0.2381571588095701,97.8590113265783,43285.300707603965
6.375182444598108,0.23728641620740198,98.23245594907077,81341.37015154956
6.104580510146225,0.22672701817477314,97.23882293148012,50381.85731353004
6.374909095300836,0.22974496917315168,98.53316361090016,82437.73155942005
6.36981554581897,0.24426819556381218,95.23810612676023,79511.9525160136
6.104215401058643,0.2353504261329391,99.06276456232429,49554.51341259038
6.365546511432661,0.2227248007960796,95.52234948180912,82082.78393097545
6.05963393130863,0.23934656280238364,97.34889901097401,45312.73857675786
6.412252053217615,0.2298713467402953,98.58736449958523,88287.58677652822
6.422713731559996,0.22450065953386567,96.28398086895058,90900.376064886
6.353013480768022,0.23493545756767276,99.24073653569077,78425.4250059877
6.331949128258925,0.23378530989695712,99.73401257574156,75600.61181440663
5.839632906196547,0.22264064136731587,95.4862551342653,31158.739041771252
7.00997046240864,0.22617778747774597,97.00326853250863,267320.65422978543
6.208688749603414,0.22286874579458615,95.58408470125642,61467.97949530634
6.260355381318057,0.23027765313624293,98.76162143644939,66689.22498437135
6.166567691729947,0.23777261191292354,98.02393603600594,55338.60613674779
6.624890705238872,0.22575738536357282,96.8229662153468,131614.38421110134
6.137563228039336,0.23813177297312382,97.86989881971891,52424.81179117862
6.442337896324072,0.23892257859064792,97.5307376203405,91775.66120182899
6.7681251082888725,0.24437125974930218,95.19390389553027,165577.1701714572
6.2793622979868955,0.2303977867104301,98.8131443975969,69050.26021092244
6.38044509926132,0.2285331408806135,98.01343394784499,83468.83724856601
6.17682012674098,0.2220295859453918,95.2241853092743,58053.03796981085
6.836518469463136,0.2291206700959627,98.26541383889781,193159.46378855943
6.319558649827069,0.24008961435807485,97.03021860299052,73041.43258241517
6.48844670150724,0.2393104173315681,97.3644011027172,99840.02416613238
6.68453947818776,0.22664730168965974,97.20463407634028,146659.69583971903
7.003570587833369,0.24248457886529007,96.00306475287124,256369.94673963095
5.749376315255173,0.2397342394392865,97.18263201662131,25567.995142267217
6.208104104298934,0.2239881627154272,96.06418091840976,61275.33097327994
6.449969225414579,0.2242034526240131,96.15651458674998,95633.06544934811
5.9628031160893356,0.23703978821657667,98.33822991338641,38071.43573716127
6.3819363576243635,0.22156613734097164,95.02542118691322,84779.53956983135
6.565907873065181,0.2288056456903993,98.13030597818374,117402.69943206375
6.2480737415091525,0.23258151734974586,99.74970413659892,64921.28238505845
5.89109147701219,0.22998172691064056,98.63470441489729,33796.7508483789
6.018426065435924,0.24349663984259973,95.56901141877493,41680.51927802004
6.077266843757522,0.2265032458916849,97.14285133714893,47929.38067637219
6.874186694664848,0.22345121721973626,95.83389540413945,209211.862655017
6.538377794782273,0.23457382777241964,99.39583254458488,110417.83828136105
6.153124865738557,0.2225199759866472,95.43450409162708,55523.4048030441
6.158004234902464,0.23879705140075735,97.58457379870653,54369.80295945903
6.217150197040984,0.22228803725817947,95.33503006718135,62500.39746634097
6.3972348306426765,0.23298647944399775,99.92338452852543,85387.36167919348
6.345992035394312,0.22524953058865282,96.60515714728379,78811.30036733627
5.810259857250276,0.23672043380043473,98.47519483169921,28761.82498864945
6.3533546534789265,0.23712611927008354,98.30120419808782,78158.68985037236
6.6699225928892,0.2263181113444448,97.06345071872019,142850.0987813904
6.088297372797995,0.22967650014252605,98.50379857095523,48628.15219714296
6.073557247559689,0.23263014134400706,99.77055802514847,47068.727598906895
6.1034022670642125,0.23950824615498512,97.27955615531812,49102.812948218154
6.36104006453481,0.22898955975813529,98.20918315661248,80470.18632067034
6.0650960596363905,0.22669894706745364,97.22678377771669,46849.87324706866
6.486088362883626,0.2433506538970711,95.63162196083569,98670.14484467376
6.806300473153528,0.22746178015724894,97.55394810220712,183260.3807676523
6.7711476383250355,0.22530006069909003,96.62682853211064,172454.90207069472
6.526022274733834,0.22590398344538354,96.88583929079252,109670.71454391687
5.8953916958467945,0.22460445494939396,96.32849671056887,34404.65203282399
5.89924704304856,0.2318090551943337,99.41841009252744,34193.03802299673
6.846926243813491,0.2390183458106705,97.48966491614591,193341.04969260434
6.215202258057173,0.2291548648262003,98.28007929582276,61493.73220283918
5.864979801174642,0.2305409116559618,98.87452791222023,32176.41202650631
6.820062080385206,0.2306034578681917,98.90135277017063,186880.75246887704
6.018971619534102,0.23701757030862947,98.3477587434049,42223.37592006234
6.08971924509965,0.2274010616896618,97.52790712850266,48960.48108296527
6.09178142529368,0.22945230107676284,98.40764393780805,48961.46784845609
6.556204013709788,0.23438419238204844,99.4771634873825,114143.72787443426
6.341989566065722,0.23602020786641376,98.77550816073443,76695.48956882601
6.725718640067957,0.23780400395403234,98.01047259811745,154999.00382627817
6.090406128422471,0.2368228502865506,98.431270386175,48178.9807905958
5.954633886676334,0.2344572654187731,99.44582387847157,37681.63788940842
6.073185165678157,0.22236212534641275,95.36680501200726,47934.62919990203
6.637526778916109,0.22708576795879143,97.39268375938538,134384.62292679845
6.518863760703754,0.22400904006092404,96.07313480718044,108612.49193043404
6.554907332227259,0.22829568433535474,97.91159343874193,115155.72846057247
6.740099123311065,0.22331037801912323,95.77349220120198,163466.34020702675
6.924346199585261,0.22997403739864097,98.6314065322639,226723.12252344203
6.343873581039013,0.2228966668999739,95.59605952209914,78845.33870533248
6.4736098931408295,0.2280513545214493,97.80680511795646,99184.19029603963
6.476629278566043,0.2248185866424821,96.42033364273443,100333.09864804435
6.294840527345654,0.22821122309809816,97.87536965138618,71334.12776082076
6.394957488962776,0.22412198150586704,96.12157320351648,86429.77475198521
6.24548800274589,0.22772047544178342,97.6648974948669,65193.95979566972
6.672082327357609,0.22514866071091788,96.56189601211274,143728.8370862215
6.117921549072166,0.22167169917359608,95.07069461058158,52118.456699629925
6.500517486704996,0.2389671279151626,97.51163127865668,102149.4506764794
5.758716344745486,0.23552509744256778,98.98785142367444,26214.189284236887
6.319797985534483,0.22290530433032263,95.59976394853682,75423.79612898173
6.238480506201633,0.24477315581484405,95.02153846388171,62367.58346212237
6.3958288083657875,0.22245183008751557,95.40527763651593,86835.35443786073
6.428117793967808,0.23514438617769517,99.15113110498895,90027.2329954981
6.644099193854472,0.23186048923325142,99.44046915475668,134830.37507833054
6.507798695262758,0.22373039776726156,95.95363052898374,106475.71355261913
6.546101241051148,0.23276387638335017,99.82791439103335,112374.04838499812
6.114416744002254,0.2342300842832925,99.54325746351233,50598.861461311564
6.152361123809628,0.2297825131521689,98.5492654957006,54708.51799226972
6.363625042309782,0.2354148094434052,99.03515180855301,79902.9384792055
6.322328366377596,0.2420609468890058,96.18475229528079,73148.93349038043
6.433752241858666,0.22652319390515618,97.1514066534292,92422.67610352884
6.17602249739039,0.23058269865488867,98.89244954600785,57061.63718709883
6.2483755400990555,0.22624969548266183,97.0341084818612,65719.47227922786
6.643516944871931,0.23111848866686646,99.12223949571293,134870.05818955146
6.412007551046752,0.233887512758562,99.69017974962892,87597.37112710404
6.124265757152545,0.22758639489928267,97.6073929493754,52159.709461749306
6.635450854788421,0.23921388342713268,97.4058026229941,130914.0503482346
5.854531989333348,0.24437743861806638,95.19125389849631,30768.72682452753
6.251415119765964,0.2285818080724269,98.03430636298727,65805.17519608622
6.430198535702047,0.23950124918843585,97.28255701863304,89650.55550362976
6.248003871752678,0.22388717430497707,96.02086894685495,65960.9305538521
6.134377370195378,0.22967652814314654,98.50381057987856,52936.16430344949
6.311495311467632,0.23960171917574957,97.23946738871166,72029.24199257272
6.2253247620398025,0.22186681883845694,95.15437765239369,63497.92230396677
6.121753750011972,0.23355367320518639,99.83335706250301,51351.319109803786
6.039058957000063,0.23867807070002023,97.63560231478009,43681.22072873078
6.634531996539743,0.2299480341213611,98.62025423071903,132942.51888316582
6.682637436693231,0.23773728388550275,98.03908754212348,143191.4507871336
6.616848874250655,0.24459159654621576,95.09940571462157,125257.10069860352
6.1979820532896035,0.23172208749653755,99.38111133283468,59292.62094069042
6.943465861368799,0.22240808695282244,95.38651705401838,238146.60569684318
6.6728897640165865,0.23849853583702085,97.71260133718935,140446.16673998936
6.109051342423882,0.2412890252935016,96.51581450368666,49453.95985993234
6.207204102389401,0.2442881985554779,95.22952723139812,58928.49549795837
6.022687593370116,0.23925175424593448,97.38956056294592,42338.7872367431
6.5948540381254155,0.236213629869642,98.69255321308692,122154.30336994395
6.211675775106799,0.22358446030241108,95.89104077934601,61725.69890223115
6.862559649657402,0.22909439915753094,98.25414674267357,202660.94221230023
6.152666666174862,0.22503426189832254,96.51283257904207,55220.2106115098
6.520393977326541,0.2386581423052725,97.64414921697015,106019.21192734127
6.002815698245244,0.2365014188394472,98.56912610280337,41024.26769164442
6.696281513419054,0.2386116630469166,97.66408326986618,146599.6447365617
5.952029809670324,0.23623378985044585,98.68390698812675,37378.786443287594
6.271200164054762,0.23914155277200777,97.43682383882813,66933.01689973043
6.106324558562232,0.22984324363924102,98.57531162432916,50254.66822210749
6.279433497339207,0.23147395182641972,99.27469075409722,68922.54970443998
6.082740019455705,0.23569406347548938,98.91538516760595,47602.26760526961
5.939463369207205,0.22560895861829522,96.75930886158926,37245.333576550234
6.418686250199085,0.24091265775197446,96.67723124626254,87541.48571117183
6.1725940083059045,0.2430268695061475,95.77048680945612,55417.36529755272
6.173344847378322,0.24085692621507526,96.70113342206791,55716.33516648955
6.276074464071586,0.23904383140220897,97.47873463998003,67548.86822345287
6.616336033280455,0.22453408598112734,96.29831682420053,129848.88156211626
6.1291969289732755,0.23121865082008952,99.16519710156027,52284.663376936835
6.999124885081088,0.2274836136070988,97.56331204560047,261403.47449192713
5.924696861628868,0.2283754773006761,97.94581509476035,36061.6060352794
6.043229476617736,0.22325338361176694,95.74904840473864,45286.76354985527
6.321546873237619,0.2323857893877852,99.66576020795272,74357.19980889543
6.40702987388586,0.24116062418467354,96.5708832501733,85642.69570833347
6.08041942096526,0.23231869242378433,99.63698362078529,47694.848898163
6.152689547078526,0.23006699272999587,98.67127327191815,54712.946757661484
6.000712034598558,0.22539587360080393,96.6679208282971,41710.22347742937
6.4451698350953475,0.24207786937104547,96.1774945707808,91721.01195772809
6.5386301291966005,0.2363433874857881,98.63690268690785,110109.66699138818
6.539718092387936,0.237337670512753,98.2104739710841,110128.66990463747
5.940590100948437,0.24348984745784996,95.57192454092191,36113.38327298898
6.7654880759337495,0.22806176890698282,97.81127164602613,169800.3135823256
6.570054430734776,0.22961686094849032,98.47822047675497,118126.23969525822
6.117811891523125,0.23240825370900353,99.6753947198464,51087.4716053349
6.280774675881552,0.2252201350997174,96.59254999191876,69893.60141987319
6.245006409472852,0.23962359850570536,97.23008376823029,63723.47244586174
6.0930630116547855,0.22311955382727078,95.69165140449428,49653.06018035646
6.483111345187996,0.22212705239216124,95.26598677888066,102042.99063728043
6.272713094403035,0.2304763964461669,98.84685858938373,68199.7826277313
5.804240782320906,0.2226597444159628,95.49444806151229,29191.06587060329
6.587440490462183,0.23213784774101942,99.55942284206978,121405.54893802712
6.329402710730653,0.2423896611161247,96.0437731354824,74063.55872989226
5.987566544162766,0.22652900999012893,97.15390105952764,40627.42879150242
6.510270126013571,0.23236842694857884,99.65831379435261,105273.05684645858
6.788627808997864,0.2245470974451207,96.30389718887658,178345.49112629396
6.133512056244534,0.24180321818043904,96.29528714224536,51684.30345528611
6.631216583595264,0.2379787092447172,97.93554488565134,130192.79892986477
6.758798299157272,0.2379274808728482,97.95751574127031,164700.15874294567
6.137184051034161,0.22571470466814159,96.804661292453,53600.319039764116
6.768940335311924,0.23094999612904488,99.049976312514,169976.82638795854
6.182712641517572,0.24347006476022237,95.58040895644153,56413.931013583875
6.109010613792339,0.228127709078902,97.83955210749447,50663.79896912291
6.083937992461395,0.22772869917404748,97.66842449421573,48412.606350501315
7.064740480172771,0.23781650750361916,98.0051100680843,289426.09003328695
5.972415828186496,0.2317796132662613,99.40578302031679,39128.921075543345
6.163850904392955,0.23482163382312837,99.28955333322223,55362.48453338416
6.519047926247341,0.23112310085786625,99.12421757502419,107234.81586608567
6.246083582772403,0.23040469670575092,98.8161079606379,64943.609356707304
6.292875746351004,0.23661133828949144,98.52198378149724,69985.05704963238
6.097014384241473,0.22656840263938438,97.17079580315631,49699.04538040947
6.0631626136716905,0.24294777775026422,95.80440773033968,45306.68461445507
6.258813276527292,0.23918707765601965,97.41729909858745,65417.556827268476
6.477238162060577,0.23993486737984426,97.0965865821422,97687.31884816832
6.185736848263406,0.23958351487729956,97.24727485942171,57136.68845403363
5.841637999029,0.23932272181525072,97.35912394819142,30327.590117531592
6.218112549818241,0.22727260391064785,97.47281407727188,62039.02393985015
6.548454167790333,0.24212290039724227,96.15818163658344,110933.08712392078
6.511104274604687,0.23881045858168903,97.57882371870672,104191.16272724238
7.029850923355765,0.22646095674005107,97.12471433979965,277147.14318872435
6.009782511181308,0.22320515840792954,95.72836554967121,42584.51289628191
6.025686087624119,0.23768289484042704,98.06241394921031,42696.51052199699
6.467556666642042,0.23218681994735757,99.58042607202894,97340.01655180361
5.898654751698126,0.24369105824900572,95.48562913312003,33416.2690097204
6.723165909452492,0.22207412161974638,95.24328579666907,158807.38538297708
6.003344205431174,0.23119533198707742,99.15519610612317,41467.57375458685
6.048225710894767,0.22153674824594027,95.0128167737697,45850.24896376136
6.336756277641397,0.22235178978606474,95.3623722905316,77896.5126271536
6.537479228429723,0.22259871292633182,95.46827283872126,112693.93889205
6.143935390731677,0.2356334511297664,98.94138062770006,53288.488500377825
5.947927145792952,0.23520526808123599,99.12502003677223,37167.71117269128
6.07649316241314,0.22581565044615903,96.84795497978386,47921.780666812665
6.123052293680894,0.22903058136722354,98.22677652953561,51904.976986801565
7.068146834797154,0.23663524068614095,98.5117325069286,291882.31854655483
6.013699786478205,0.24058167149636311,96.81918483503745,41541.67824867696
6.512649960506417,0.243533767851984,95.55308793528638,103583.06592470895
6.642918356297754,0.22492991723548528,96.46808117590027,136266.01772150275
6.799008486354414,0.23838649128831424,97.76065507211618,177212.82358039473
6.347800747865434,0.2300621110462986,98.66917961241312,78376.41025982308
6.005865791472515,0.23636648499061774,98.62699661483771,41265.67191377477
6.860370106632766,0.236572773909276,98.53852329659084,199083.69135592022
6.729694820978602,0.229364051166157,98.36979526189722,158584.9162947189
6.299362759186887,0.23771549443967288,98.04843261304569,70682.4618641244
6.8454559445309195,0.2268120009449941,97.27527039421423,197202.74350646976
6.208506735289419,0.23159089042627468,99.3248434526891,60467.9845903698
6.500010725259819,0.225086836630509,96.53538086250164,104697.17484838546
6.358730518457221,0.2278149221912278,97.70540387482818,80302.13069774052
6.568722934073488,0.2388398679180499,97.56621062444937,115851.77822746357
6.624849618337634,0.22287663390076595,95.58746775708389,132304.6490221946
6.092782130404224,0.23960469118025163,97.23819275359384,48142.97572075183
6.1472244579458595,0.2378213641075071,98.00302716482334,53396.69065713436
6.342832499482766,0.2272930812738938,97.48159642140891,78059.53699638117
6.24051533918913,0.23189362656536439,99.45468111412393,64104.806763646826
6.311320893352867,0.23087212966654125,99.01658089620834,73173.37318727968
6.298627940312006,0.23579381432926816,98.87260396011712,70837.16469609438
6.222992203949355,0.22408109608491156,96.10403823904346,62968.30301721732
6.296982646786499,0.23213817593084318,99.55956359632314,71099.9783529939
6.371158817041195,0.24127853420834455,96.52031392673803,80149.12910841202
6.02155532788452,0.2258928546699126,96.88106637472733,43303.195881858424
6.010788550820346,0.22316493335390497,95.71111380377346,42666.6667047181
6.226254638805212,0.24338626819606013,95.61634767839197,61134.67286956641
6.283708364570986,0.23821955668241124,97.83225008851613,68609.57299471335
6.4435772442139445,0.2372949558932822,98.22879344334085,92261.63008300145
6.118981428219758,0.22296816935459596,95.6267255387924,52095.74711431826
6.413766012692129,0.22300258508342274,95.64148577772814,89661.47899180393
6.444693270743408,0.2316508163041986,99.35054450005156,93417.73100335182
6.5269710186606735,0.24272168359056234,95.90137513254027,106511.2277049692
6.208509795505435,0.24021740684566772,96.97541088235336,59515.024095572706
6.245581734520682,0.24047698144119423,96.86408437025477,63690.841029456504
6.615907434269387,0.22717446712946465,97.43072511423006,129116.87613563225
6.480338260176736,0.22616622201524184,96.99830832984017,100770.47850810771
6.8813700771082615,0.23762385638755568,98.08773439717069,206535.57773247542
6.214639453969516,0.23585807878683163,98.84504218005179,60676.13970629394
6.956274512691421,0.24015563549390162,97.00190341767173,235989.8158896608
6.227310363209211,0.24468424786142862,95.05966936159722,61107.39712016704
6.656875124650034,0.2302999862208459,98.77119966350281,138438.52826003495
6.6144902649616215,0.24241118165308873,96.03454339435987,125215.9919493257
6.553259396687656,0.24300644704123897,95.77924560876045,111737.37719934946
6.122343138181347,0.22332020029173005,95.77770478351567,52385.37534560959
6.142519557503563,0.22539744804806983,96.66859607820835,54161.37348077225
6.371978298335193,0.234401726140951,99.46964359808577,81293.51749654397
6.824784747530899,0.2226414719189096,95.48661134174338,191298.846034111
6.143421107142808,0.23101804064185316,99.07915928499646,53692.59135515253
6.440523072874748,0.23597123844677625,98.79651019553171,91968.00068087704
6.350239643017975,0.22378283797900522,95.9761211192331,79645.27042712831
6.22078684857721,0.23824363143227423,97.82192489499535,61098.06632781597
6.181591637466951,0.24189819624946374,96.25455288961585,56460.80437491658
6.4144713818463694,0.2284097764310351,97.96052532687355,88888.25869089235
6.4426385208754375,0.22944729609197978,98.40549739685754,93443.33545720423
6.2994830200586795,0.23440782207107258,99.46702917182786,71130.20376393
6.656897057295341,0.23072829459468736,98.95489282217142,138334.93511758916
6.020116550062089,0.23326078602961164,99.95897069441105,42606.35858402006
6.364767544264204,0.22239204909692933,95.37963872852394,82015.34212483722
6.807894680485743,0.2306753336748395,98.93217891031021,182714.53649823405
6.621155600281752,0.23230320564148155,99.63034164007101,129145.28436486755
6.809639059755661,0.22253870823148603,95.4425379883089,186070.68103814768
6.343825396212561,0.23758732632731672,98.10340143186222,76733.46259469398
6.777532238838143,0.2288803517316138,98.16234595106413,173348.06745818973
6.6063255499783216,0.23190135279117285,99.45799474259823,125758.08178279677
6.650080927137908,0.2307639026383752,98.97016442183771,136599.91851973595
6.473791236966274,0.22579085866843673,96.837322266914,99631.33362424595
5.948661042045574,0.23473203780915153,99.3279793267743,37250.451819371265
6.599257455434156,0.23625660860075026,98.67412046846876,123139.4333102853
6.07444344570958,0.2392924341777274,97.37211372879126,46570.56252615594
6.358727411584956,0.2337976238992674,99.7287313388609,79421.55062402207
6.529271380919913,0.2218468673421734,95.14582084240276,111156.71504776173
6.5238781648994255,0.22412979172947267,96.12492285701767,109596.00811906108
6.634872118230559,0.22241980411690498,95.39154231855305,134883.43940209228
6.329529215526042,0.23139520111440515,99.24091610031772,75596.46133140229
6.05377647856193,0.23326495577353334,99.95718237207463,45331.45282022186
6.105675931059848,0.23501654937667737,99.20595783079503,49718.58618329568
6.194421875001267,0.2329936102217811,99.92644278088468,58767.230152877724
6.228544164496547,0.23746016477416632,98.15793855694783,62066.92115540129
6.833091796099507,0.2423705133535412,96.05198523966997,187315.927768536
6.339673038959008,0.2337829653558181,99.73501810398652,76684.28904673368
6.452224035905968,0.24347125027851124,95.57990051062902,92682.45792477022
6.0265442496001675,0.2378417818302001,97.99427039936329,42751.545140882336
6.094963066572642,0.22975499422271284,98.53746316031867,49221.816243028865
6.668387939640258,0.22178047491588693,95.11734641780338,143642.49776086846
5.836918526185435,0.2258095450381079,96.8453364886257,30822.871458574395
6.540759054962711,0.227337323428344,97.50057102380664,112391.51389348398
6.378011833327036,0.2342059154529288,99.55362300633611,82231.73490274543
6.722976071217212,0.2432838751674682,95.66026206343892,152669.01801509238
6.362338824252119,0.23800700761225624,97.92340826438523,79334.11458101175
6.550865590849237,0.2375205977611392,98.13202002034473,112375.62749808207
6.223124762297726,0.2397836727803888,97.16143101490103,61187.931800839615
6.364365107789688,0.22212120681451353,95.26347972394564,81995.46332515538
6.104406346475759,0.24282919010489934,95.85526767258355,48893.693165710036
6.083860052723794,0.22889494273473954,98.16860374945426,48301.775695676035
6.7592813739853,0.23381132796952908,99.72285392878271,166101.44942610798
6.257880551018717,0.2430834608999204,95.74621585770616,64838.20362857226
6.1441141817968825,0.23251048417210463,99.71923938370568,53613.58615905674
5.987339004443984,0.23389733428164927,99.68596748876965,40062.9104186578
6.126222297107051,0.24416010525021203,95.28446396690379,50773.9791202157
6.387069271185425,0.23628718843181407,98.66100537172366,83295.29148722994
5.781470782130594,0.23536389414416803,99.05698839338919,27344.47744137196
6.36939134391264,0.22228276539046643,95.33276906531579,82733.54118695272
6.125441369043703,0.23677308773348305,98.45261258052533,51395.6277701022
6.533094879437927,0.22983302099534875,98.57092733053243,110307.62896849021
6.559953459176113,0.23196436242476803,99.48501835298866,115448.29292450279
5.888969460942353,0.2230755589718516,95.672782863857,34095.91771955992
6.038644799490674,0.2416236779425116,96.37228846985707,43411.710010491406
5.928337814462758,0.22772511253340078,97.66688625357033,36347.80700364879
6.886666139016044,0.22646193718067842,97.12513483177861,212892.97038957133
6.626300870581691,0.2331037187913303,99.97366621188036,130183.03297393596
6.376413888819432,0.22996546080413438,98.6277281971396,82632.99364312175
6.373463641172075,0.24126788921225994,96.52487935920264,80491.71968549002
6.948767912031206,0.22447074994933391,96.27115322795018,239571.92188887642
5.981956107337342,0.2222416544721888,95.31513738941261,40528.52951563134
6.632193549651526,0.2287591163425029,98.11035044285478,132661.3073757322
6.371176050165915,0.2373195931299339,98.21822701014032,80738.33454544874
6.321734044328302,0.22511831482264277,96.54888124889467,75385.32693582351
6.304396518583059,0.2317301875394291,99.38458528420936,72131.84553937324
7.029951766595261,0.23853777755641037,97.69577132445437,271100.0447462938
6.153149155719592,0.22175009177319627,95.10431567688866,55604.69217203976
6.623991292299627,0.2320882844982215,99.53816612803043,129873.0567083558
6.243520674016841,0.24038487003658027,96.90358916608956,63460.253070294326
6.547635810496151,0.23042612036464138,98.82529615263267,113178.49507741301
6.257195072266153,0.23465541741129403,99.36084033010853,65769.58790040348
6.54337122407705,0.2234179959794842,95.81964745819795,113751.92754594272
6.563001116786717,0.24205418749163599,96.18765126977998,113960.33901384726
6.841382267978581,0.23352210513122973,99.84689599746748,193324.04960178415
6.1046032691443965,0.22293191008771363,95.61117464212212,50737.43730563163
6.570549388339138,0.22960175931037785,98.47174367691782,118237.27993550511
5.993021808960698,0.23672417957583747,98.47358834124184,40274.23688864756
6.504283045838346,0.23487164018029993,99.26810657601793,103639.4105122202
6.106613845404521,0.23827652300290758,97.80781833796257,49506.370248290266
6.125685830050922,0.22517120981854521,96.57156688725364,52529.51954971414
6.3470151879664005,0.22281822160196274,95.56241585446517,79314.40991728113
6.010216784008479,0.22540955708502608,96.673789409422,42445.880782779146
6.085267085573952,0.22976302747430122,98.5409084661982,48349.75349399622
6.041537597362435,0.2397643048861937,97.16973752926951,43793.40537095282
6.676319912986791,0.2330709931639312,99.9596308246839,142756.5663886229
6.781405300739536,0.24396475942608742,95.36824400403997,169804.7659202942
6.185637219730102,0.2288017563521496,98.1286379164043,58272.13334236528
6.455498114258293,0.2328951834637154,99.88422945237923,95077.50506708618
6.869944606139474,0.23033482176615383,98.78613995358904,204967.83255326896
6.187261071509687,0.2279227419328551,97.75164567189772,58541.418992290404
6.100628955830883,0.22255533858152443,95.4496704230566,50402.29098655537
6.621499373080403,0.22862469026715093,98.05269770502163,130105.72534455969
6.08133703541527,0.23708524756444938,98.31873328032539,47357.88078131136
6.549793569898848,0.22781194927125714,97.70412884708361,114177.753247218
6.305536986387319,0.22993134013437633,98.61309450331865,72523.46219926624
6.36330590061641,0.2407109320473797,96.76374749045668,79080.69602870854
6.762844490650432,0.23577252597498344,98.88173412258942,166592.31559131443
6.0066673536050565,0.2331590930585783,99.9974151616581,41571.54465087507
6.140173004104762,0.23105282426164564,99.09407730523571,53368.86986945667
6.057940060299641,0.24068805731747211,96.7735580186813,45060.08061569575
6.5765401551201865,0.22288959631290695,95.59302708437134,121036.6399584725
6.231371363521538,0.24078017604061053,96.73405008407325,62010.60185483286
5.926888095795036,0.22500208702835156,96.49903340102995,36433.16384403776
7.09050982573216,0.2391101667817157,97.45028468163862,302773.8008606407
6.089322215289712,0.23427498148760062,99.52400192292886,48309.083379004405
6.54802846080648,0.24239348344980804,96.04213381066258,110790.89275961134
6.222567877226597,0.24278703236125132,95.8733483115951,60787.954753134276
6.443144722143733,0.24171889938686597,96.33144983826656,91439.93501187651
6.3146896317939865,0.2404598535111795,96.87143020740861,72339.88585281704
6.324151955205817,0.2383899562938936,97.75916899839324,73893.07195222094
6.06517914740056,0.23082986661195726,98.99845509137785,46501.834421159125
6.606539213074665,0.23557103877491503,98.96814807681568,124960.01365366003
6.157841322363882,0.23061807074694407,98.90761995059299,55178.60678019064
6.340926198949752,0.22326735733608416,95.75504146421393,78364.8905519819
6.886939594866614,0.23347549300053494,99.86688703673391,210266.07895361297
6.2789198699408235,0.2396035693334433,97.23867389194264,67833.87678490224
6.11256649433537,0.23306555126758344,99.95729690083294,50534.98726610802
6.760706742000101,0.2343178498953682,99.50561649385286,166382.8286801093
6.981035684315656,0.23435421633136944,99.49001963442498,249656.82024872783
5.915286233695027,0.24146559094617892,96.4400889180256,34597.43974148521
6.669361927309284,0.23808110507209967,97.89162930025739,139643.76444370512
6.304161821954074,0.23088123014591222,99.02048391539533,72213.5107796055
6.030936862939416,0.2421014290447827,96.16739028342545,42762.017917705896
6.00012490725753,0.23705186431559344,98.33305070861653,40780.0528994728
6.278638253573709,0.22422694417960365,96.1665896595527,69746.56455447896
6.647321800764695,0.2440041034741336,95.35137010452782,132632.78331152105
6.891933384359494,0.22448831211016707,96.27868529828434,215751.6098202667
6.250367079930345,0.23957250188192614,97.25199811964751,64361.908678494765
6.216574732990923,0.22546022521245312,96.6955199870603,62070.40934124247
6.250329539018936,0.23716747593975462,98.28346712417594,64643.21268520076
6.42616909576893,0.2368001402322255,98.44101028823458,89431.45741875115
6.610958953008137,0.23513527406303414,99.1550391143263,126082.69947677161
6.0393450615433935,0.24383809769593778,95.42256676472974,43290.792788690065
6.27813436551028,0.23717594816901855,98.27983354928107,68039.38053678986
6.258016771697687,0.23531415696581615,99.07831970501584,65789.33408866897
6.378769704976897,0.23417520202613318,99.5667953997008,82351.27522887608
6.5801240702770665,0.22681652966260213,97.27721267340593,120960.18492597969
6.189739940594158,0.22946287942573118,98.41218078661645,58642.738558034616
6.322452924319252,0.2221806322074258,95.28896612298863,75894.81582676513
6.308600244990875,0.22328701444607457,95.76347201763049,73832.0117811766
6.225305589365901,0.22160594620227236,95.04249443581972,63526.20008299647
6.235748839630547,0.23260525197939863,99.75988345915489,63461.162987541444
6.757096694507844,0.2292051537748936,98.30164725105264,166844.01394902036
6.33061566882912,0.24017350123880554,96.99424114601466,74532.88072854088
7.003668641182147,0.23629108782443264,98.65933299782033,259358.42978461794
6.417989055598255,0.22370797138297593,95.94401228750506,90244.35701578575
6.196146191941719,0.22649526811645604,97.13942982400457,59664.15031176511
6.1703002728682295,0.24451198067099789,95.13355142012756,55032.943515578925
6.265517397217015,0.2401469720658964,97.0056189940003,66113.44249324642
6.266804735588142,0.23906383942972198,97.47015358484066,66402.76698385844
6.397608554410076,0.22805706625937638,97.80925477162981,86225.58585227936
6.543543916108098,0.2359638813440066,98.79966551429023,111188.5641398831
6.441824345450102,0.24097796672245408,96.64922149485562,91342.38528247662
6.180507904806036,0.23022380212268168,98.73852578064921,57573.11648648612
6.314074815145467,0.22847475789474192,97.9883946169744,73871.03207911609
6.612690163969983,0.23701798623091008,98.34758036240152,126047.51751034448
6.468310844418547,0.2328136599919226,99.84926561568153,97362.85200311975
6.35076720185598,0.23456889383592205,99.397948614303,78154.33814180439
6.103161073801317,0.23150655374915718,99.28867308676237,49809.81137162236
7.135958618686952,0.22188930043101873,95.16401957163178,339824.10096591164
6.802369024047254,0.232159386027182,99.5686601954795,180370.41421752627
6.174828743583963,0.2280653106921262,97.8127906490157,57200.93844607534
7.056584047734088,0.22671706205585984,97.23455294508022,290999.40173458366
6.301192954905295,0.2329575449725887,99.91097509464052,71545.4892397627
6.035944705050228,0.22401990589616627,96.07779495327871,44620.05551291257
6.342485303386518,0.24452212805192275,95.12919940515856,75572.674764242
6.058929052607334,0.23023654117267878,98.74398931224309,46019.78359800163
6.010956901950046,0.22216354440568686,95.2816374960744,42758.70359147363
6.149626712526393,0.2308275596042506,98.99746566049443,54328.95212496188
6.175232596356792,0.22246194283420007,95.40961479753064,57837.433610950444
6.28555951292365,0.2428400069366372,95.85062854313836,68260.46501479902
6.000270962105343,0.22316746138342847,95.71219802662957,41847.77989104559
5.774669459067743,0.22540594981653683,96.67224232189481,27503.94668129467
6.116630937509721,0.23631007523403014,98.65118966591996,50611.37181175294
6.222365076512339,0.24226266168166344,96.09824073100495,60823.97398647428
6.092648479467391,0.23619410658079687,98.70092637320845,48434.467767450486
6.459420240051858,0.23448873846716456,99.43232569812992,95486.20938583539
6.878412395572209,0.23474922222335248,99.32060926464796,206503.98440807214
6.707096683851949,0.24158795672693856,96.38760860675106,148731.87800898837
6.196968248772172,0.2437030973844676,95.48046578130229,57890.14256929931
6.355037510533876,0.23184960412707856,99.43580074372983,79167.11876497844
6.249465826822267,0.23777678233018484,98.02214742488721,64468.04480316818
6.3613439122910975,0.23084715134971479,99.0058681803328,80240.1988649835
6.508603099190631,0.240730513762883,96.75534927227409,103346.04618383909
6.702412149383155,0.2255700681696986,96.74262950208788,151869.58469737446
6.5891584015597635,0.23812381375189684,97.87331237541153,120454.78722404767
5.8493473756821,0.24141807329791565,96.46046831622344,30642.858049682636
6.016289338181889,0.2258022748515982,96.84221844656619,42892.318830006145
6.121965173633118,0.23639431735809424,98.61505985196489,51103.210698164556
6.787579892650229,0.2225717790448929,95.45672141909257,178650.42755614413
5.895480258509333,0.22249783750241914,95.42500932490209,34544.058844671104
6.572687751927716,0.23388208695981128,99.69250676953256,117771.67298506123
6.419131032014603,0.22813390284745072,97.84220849475716,89700.08647670413
6.066474468434528,0.22710773550049446,97.40210521217514,46933.62868236485
5.9078761323058595,0.24352693880551968,95.55601678093204,33999.03427117011
6.450024929717251,0.24239700209636883,96.04062473136256,92490.61060217733
6.453611558198059,0.23250785783565853,99.71811299891618,94815.29047555252
5.842685139821024,0.22429251719968235,96.19471265671399,31239.221042365956
5.944238283058281,0.2257841636805189,96.83445091638015,37562.2616596099
6.696139067209891,0.24090606082645571,96.68006053973437,145943.0537618759
6.351802074343211,0.2340030092469947,99.64064554467036,78385.13517008057
6.167755179137206,0.24421380312104546,95.26143399105086,54805.63027946855
6.609687908735301,0.2419675751337813,96.22479763106021,124214.6358667629
6.184968226332191,0.22977850147443935,98.54754496488984,58095.74220861457
6.606498357883217,0.22186082598772128,95.15180743488617,128146.46679403611
6.679397708103029,0.2350710246883727,99.18259442562733,143040.26649380167
6.805036320438197,0.2328032907194011,99.84481843570818,181043.9535436616
6.547457694103899,0.2343099998831697,99.50898321191022,112334.79298840721
6.826077101622706,0.22221203655699107,95.3024348397355,191906.5460355144
6.6516045424510075,0.23720228496547868,98.26853820782513,135368.8058339387
6.239671294879645,0.22278341057635664,95.54748608040371,65088.405882290586
6.49494365937457,0.2357295980039229,98.90014509720713,101710.7786831091
6.601117044078556,0.24137832774629153,96.47751441283691,122401.69304880101
6.21858926780118,0.24123595357028993,96.53857593696264,60516.733061481435
6.354596270962028,0.23250718528854808,99.71782455649803,79007.03643673897
6.0652005138332985,0.23171581346298886,99.37842052146945,46427.83220784813
6.451184785781216,0.23437050675031834,99.4830329895319,94069.06047585944
6.3705111670419825,0.23381305233026772,99.7221143838891,81162.0748350478
6.396327724303262,0.23668030267936402,98.49240629157396,84666.73411447083
6.144158012388738,0.22897798565142047,98.20421924660964,53967.95655089509
6.408161830308496,0.23737072532638592,98.19629740229331,86422.70566220778
6.211103949981357,0.22801907915803277,97.79296284025362,61159.05913549766
6.639835798917777,0.22436710211419797,96.22670068070128,135634.99493876388
6.3166278964846505,0.2373520575162651,98.20430366417366,73015.44278564637
6.544778488673327,0.2342540641729114,99.53297295371135,111793.26876020488
6.9172649060204705,0.24173480837592365,96.32462678125971,218988.8963914538
6.0757366514177065,0.22170478104668856,95.08488278465002,48218.810166311654
6.330712350325949,0.23726514219851147,98.24157995908158,74946.60625316732
6.216329245290001,0.2405863816932472,96.81716472290229,60337.46962284795
6.05455424357704,0.23105956246910342,99.09696719179242,45581.24854784256
6.543020353062472,0.23379277378824703,99.73081145745684,111526.52471797954
6.747419018445738,0.2241822961865534,96.14744100084668,165419.51851813527
6.278273952568696,0.24399544955703245,95.355081601814,67207.28330668558
6.253920365189445,0.22806021904674179,97.8106069410132,66173.11120191947
6.253251370655713,0.243287305409412,95.65879089916535,64263.51764855158
6.468954730615995,0.22619924889909893,97.01247292009153,98673.37525063891
6.502856420480392,0.22605288222840958,96.94969909238979,105060.31457747164
5.918337103974878,0.2300192318034462,98.65078953637928,35533.83455219124
6.166046990904115,0.23996685317580546,97.08286849430762,55062.537681229325
6.791579401711856,0.23342915492180438,99.88676054042543,176407.78037758256
6.388902450006618,0.2311566881815903,99.13862252707021,84370.66302846387
6.035393993739585,0.2309761355745925,99.06118701398927,44007.268996202205
6.4119927403374595,0.22555895439141427,96.73786301802528,88949.22045015347
6.21282636098535,0.2396940745395746,97.19985796350046,60048.00687087041
6.200566846969127,0.2428856754206823,95.83104221562715,58362.98500927193
6.162590452242381,0.23700016408171098,98.3552239367059,55012.87426505727
6.430436144863644,0.2264281174149545,97.11063018986479,91875.91875038529
6.420117512087777,0.24291731616095724,95.81747211548742,87449.06905212543
6.2227034445225025,0.242703762724104,95.90906104476348,60812.46448210926
6.91408104604949,0.2412196625777545,96.54556282785585,217914.99410385924
6.336633578679911,0.23818870714382268,97.84548085759025,75639.76234487917
6.060755450216109,0.23445773125514613,99.44562409028154,45817.215987774725
6.513887227483065,0.23232562700604031,99.63995772868614,105985.18999978865
6.229388845310848,0.23992833914037703,97.09938641749802,61881.579000558806
5.982104108700686,0.22260296165570725,95.47009503638762,40512.607625452845
6.307914466424116,0.23959300543703677,97.24320454232745,71556.83110859928
6.703251497957972,0.23488931309751937,99.26052700441672,149515.71541472053
6.765766018236873,0.22909847003843886,98.25589266457987,169563.15054135112
6.188646008246559,0.23726458233247172,98.24182007477289,57689.611284990475
6.415956428918095,0.24154575478821805,96.40570820017246,87000.86037421986
6.226274983296972,0.22728683309567277,97.47891669889252,62977.24008036633
6.172711535229094,0.23541388105013716,99.03554997842853,56212.176008047405
6.507614273894854,0.22994787895173907,98.62018768147614,105227.43609322047
7.355399976115828,0.2230309160483941,95.65363637940104,508035.8891466473
6.077579896282099,0.2324639176336083,99.69926789804937,47433.33134097688
6.3935387569745155,0.22650201723703578,97.14232439098771,85827.07890411337
6.448017125621106,0.22169687359164758,95.08149143047106,95730.79488574248
6.502219459048727,0.22238190319741413,95.37528734890284,105649.1321658782
6.058877019666062,0.23611959014588813,98.73288502761986,45519.3867881137
6.345316762086456,0.23939539926439846,97.32795399912368,76688.70907423465
6.4672409959395205,0.22710707315196643,97.40182114373128,98198.01650984047
5.866826511103982,0.22689035350716313,97.30887428924324,32503.90686998872
6.383681364941151,0.23958774796017757,97.24545937223476,82275.32662305207
6.754395159967854,0.2248484861969775,96.43315698204667,167353.4785781189
6.1146711533496685,0.23500625759111315,99.21037177811452,50550.2520465299
5.928788078805831,0.24150378398700934,96.42370866319571,35466.243439993756
6.36562830692769,0.23289173483833014,99.88275040380402,80571.9487024988
6.403675631711023,0.24163585004824029,96.36706808966954,85040.67887102853
5.986302242761715,0.22360331523330057,95.89912729369667,40751.958479260844
6.5852001121876516,0.23413325095313908,99.58478740167523,120461.94851526103
6.23756071423509,0.2298090614474697,98.56065154490933,64002.14607114671
6.406935007693664,0.2312843119873138,99.19335790332353,87199.81752827697
6.563580652400061,0.22431138717778332,96.20280562452194,117872.29182977906
6.488232205947689,0.23298862722269842,99.92430566917488,100969.58279413509
6.43140004413106,0.2436710554819923,95.49420793213311,89161.69583798527
6.045514243179487,0.24470367854401598,95.05133591850445,43715.80875055384
6.707919811640399,0.22247601280602947,95.41564913569812,154295.1320199915
6.309408810978644,0.23191659943476672,99.46453373247539,72775.93632521192
6.727139617618066,0.24095831265984025,96.65765074131146,154504.89139552217
6.388208075454257,0.2292743438322482,98.33132152538433,84555.49749525041
6.306867978049197,0.2429404558298094,95.80754796008537,70979.98435224539
6.055698569477907,0.23177693548248435,99.40463457076442,45617.1120062965
6.07527416482834,0.23309644936068086,99.97054849399466,47177.287474673656
6.397679629096945,0.23367500105661776,99.78132189899684,85349.03478141097
6.490010676469956,0.23862999227538229,97.65622221909422,100253.65512430256
6.210978685480023,0.23463297609034672,99.37046497763185,60404.511684586934
6.044757086591022,0.24273806021957167,95.89435151382348,43813.23377097153
6.470634344725367,0.23618151726301573,98.70632568755751,97175.72575305676
6.624280228906195,0.24015149170305428,97.00368060923766,128026.41883762467
6.780363385987196,0.23108255979793313,99.10683030031812,173549.01716100096
5.871805888961588,0.23717521313184342,98.28014879247658,32187.781781595328
6.477359471495022,0.23041840578798922,98.82198752025569,99437.10803108114
6.304090769594547,0.2273150383947815,97.491013404913,72679.94827615522
6.1456192854847025,0.2445976666944949,95.09680234569609,52578.60207636373
6.368996999400251,0.23507160977844332,99.18234349183818,80748.58735723243
6.43732269890599,0.24225754408204292,96.10043557027616,90374.79358983952
6.02875673073901,0.23148986538932181,99.28151577273728,43431.366386284695
6.088600130462263,0.2426940761823646,95.91321541473931,47502.41625064876
6.019086619387699,0.23022786839104636,98.74026972432513,42763.85470100772
6.104211472857391,0.2236128475306991,95.90321551126476,50637.27468553575
5.873898095952322,0.22332702147740058,95.78063025781925,33146.96408159275
6.062657906600036,0.22645453332467014,97.1219594614624,46660.93008476042
5.866912570024108,0.22251371909284057,95.43182063116498,32772.21754147863
6.095402398404959,0.2378579207106526,97.98734874639372,48531.826193428984
6.941294136784109,0.2438142778934953,95.43278261624411,228024.7469926885
6.40121638046963,0.22614312661147196,96.98840315887382,87107.1124487639
6.633671054102532,0.23874232474123414,97.60804500208516,130598.94182618556
5.85663516943669,0.23212079888378856,99.5521109177001,31593.50070074065
6.33328638333494,0.2338530145478428,99.70497536344939,75777.6205112466
6.325838704797927,0.2280703828494346,97.81496599896013,75545.55373080338
5.934731284823718,0.22973204184153673,98.52761932897027,36642.70636589224
5.973862713416086,0.22688349950253794,97.30593473952621,39588.80577443073
6.43914407571285,0.23249856875820285,99.7141290936667,92323.38121490623
6.460062244447685,0.2366348801409215,98.51188713778394,95222.00693878964
6.307628074575596,0.228443048165496,97.97479492880238,73003.22940387363
6.775556274813795,0.2260897134086104,96.96549527159569,173608.40518670835
6.641443138076564,0.23080579734488804,98.98813224932101,134433.23265426522
6.160355997956958,0.23015466726215816,98.70887517916837,55482.144228366844
6.259007731658758,0.2294636638579961,98.41251721440844,66623.69812193107
6.184051992677705,0.2281282128161175,97.83976815062111,58174.352555759484
6.249590592216245,0.2254907754451052,96.70862238962037,65958.87947607055
6.3722937695037745,0.22845007579033005,97.97780894086134,82237.45732160134
6.097579971718441,0.2409481946216392,96.66199017175504,48450.298611112805
6.328337497750451,0.2428096361274772,95.86365399444085,73861.2085453887
6.3122789069039795,0.2378449159098368,97.99292625336207,72367.10371166308
6.062462046316683,0.23210778982955826,99.54653158652472,46160.871230801094
6.454525246791254,0.23664855759653403,98.50602114221286,94253.33884034134
6.7152722786719545,0.23989922994920576,97.11187078530196,151459.1696631201
6.4631698469036225,0.23875276726152173,97.60356640756486,95395.76854122042
6.4247653830757105,0.23943956848343095,97.30901067731274,88767.86186322784
5.799285601677434,0.22609973631522973,96.969793901948,28743.09849036808
6.469210044483505,0.22636825277445816,97.08495540604794,98689.06462633285
5.895242321350809,0.23996041158257064,97.08563116877403,33435.86315713264
6.063726729679811,0.2394499628421105,97.30455273837248,45646.964174566965
6.777693386832116,0.23608943102761248,98.74581968880574,171112.06269091435
6.152748719249208,0.22185739783551384,95.15033716686004,55552.70868713423
6.2730792082963935,0.24113274859569778,96.58283854990928,66919.19037263152
6.924873233849334,0.2259268102105434,96.89562924786665,228641.59414254312
6.126880045999824,0.24072977729751877,96.75566512799223,51157.784216317465
5.935657051045744,0.23029058601575159,98.76716809776333,36667.50231379961
6.5507504655882105,0.22622330154238846,97.02278863253152,114714.40196550475
5.909232442685794,0.22264945711081818,95.49003603575791,35420.45433219766
6.425745207619888,0.23748569453597845,98.14698933700785,89248.87375441105
5.880502088311161,0.2329694906258979,99.91609835377517,32961.950489728304
5.900240642492892,0.22727460919755949,97.47367410595524,34543.016039036025
6.148836866422978,0.23821160652571738,97.83565975660623,53517.040998801494
5.960438166387967,0.22288093229007622,95.58931125293364,38907.61638377761
6.115194151330545,0.22648781972279242,97.13623535235133,51399.23034964046
6.01483034821674,0.22276754659237952,95.54068232520349,43017.00258228832
6.34131576670006,0.24062788849727568,96.79936325927494,75952.93919295949
6.558394779590248,0.2294072538472589,98.38832405432635,115660.81965893421
6.425259133584628,0.23656870673367258,98.54026762936387,89319.74597369721
5.896828996955676,0.22636138917483262,97.08201174122125,34384.40043049319
6.573445646528058,0.24228017215842268,96.09073082696817,116125.778808656
6.186685968310059,0.24283730724276786,95.85178638950464,56894.63237993633
6.0789156966214515,0.22163355621732794,95.05433583604955,48508.37870364356
5.996147474828198,0.2354966483868388,99.00005267218407,40598.4977622818
6.532089829058876,0.23704593814160368,98.33559232976027,108650.34647420965
6.948584125453029,0.2445077526847408,95.13536472147258,230812.44240681437
6.111710448067073,0.2235606488400892,95.88082850474771,51346.563349141485
6.171289231479599,0.22727663107838314,97.47454125144581,56911.816739378475
5.680983099261809,0.24315541170767396,95.71535755104624,22399.728895825952
6.198194471331776,0.22384755205783158,96.00387573314207,60182.51312039154
6.183430972957015,0.23562935483880754,98.94313744748463,57310.43655195972
6.001836590294916,0.24403513059062476,95.33806317573368,40385.96032542745
6.4919292946204,0.23022326828255135,98.73829682696595,102178.74654082375
6.464799685246304,0.22287671974344736,95.58750457334585,98522.16898152111
6.138410639538883,0.23614000564991056,98.72412921370463,52699.71496456219
6.232650327068371,0.2438657105899633,95.4107241297655,61804.580977287595
6.2342777696176555,0.2349016837772444,99.25522145969157,63022.26065757797
6.734244510105705,0.22896250141789753,98.19757835901764,160037.91816052
6.056328573642465,0.23908356109921147,97.46169534310644,45059.50037400881
6.369403434952926,0.2305337730144439,98.87146628725768,81487.38853619681
6.686823449829294,0.23415703201450633,99.57458816545703,145254.6834916448
6.766762129676327,0.24165636256170764,96.35827067028394,165990.02766284364
6.2137677234863595,0.24113792100668885,96.58062020310378,59992.45064498199
6.132090341713665,0.24438291992063554,95.18890307408093,51304.73781063402
6.274266129342116,0.24359788559757867,95.52558907714041,66761.80807112477
6.51192436628784,0.22451411365871365,96.28975108228609,107133.21754866042
5.9943930415846305,0.2227541809956266,95.53495007985182,41428.63322011239
6.226014828724828,0.23514911075597222,99.14910482495314,62041.96929111374
6.339912957837702,0.23267928104791302,99.79163309156748,76874.3208597832
6.420686465124901,0.2256547679919798,96.77895561393566,90369.22377981122
6.67784445931577,0.23037722546867911,98.80432607959506,143870.17386141367
6.308794637687637,0.22398193507525033,96.06151000426235,73763.96863551269
6.582733822701186,0.23246146049090477,99.69821407717619,120285.77737228702
6.115092651238761,0.23725401302893,98.24635304417315,50380.4787747824
6.01332739533628,0.22796902134463348,97.77149401447073,42488.9968793769
6.270307630000907,0.2356489557168473,98.93473101086163,67254.36584319416
6.537528551956646,0.22216267585970684,95.28126499354056,112794.74080172711
5.928393196826666,0.23508093651801598,99.1783434340368,35862.26359204617
6.467135168730149,0.24274356127691377,95.89199221696892,95391.29248619551
6.342087349641549,0.22621115186708174,97.01757787231715,78107.9785051681
6.2161896261891245,0.24312458419648042,95.72857887299764,60040.569129489435
6.468118925088997,0.24369674114651385,95.48319184854329,95396.66551057485
6.354671506034001,0.2412272921039511,96.54229067197053,77758.84229840938
5.883687716412293,0.23041872079062564,98.82212261878006,33312.1113531085
6.6298694574379295,0.23941818991067532,97.3181795327383,129526.21090797568
5.830931861589743,0.22636732152081152,97.0845560094115,30453.511106094153
6.567189560883552,0.23785722181016133,97.98764849126604,115734.3078701186
6.721129958758797,0.22155713823330547,95.02156164408531,158363.6540592686
6.248147946346778,0.23118003953535382,99.14863747002717,65098.001217512814
6.310900499688442,0.23751229596030932,98.13558050178804,72227.82717138181
6.22401908090457,0.2248460940394743,96.43213103206617,62998.686670583855
6.353489880857963,0.22699682093274554,97.3545361041761,79650.58969876243
6.40116735835321,0.24082035824201853,96.71681671683203,84775.91331767531
7.1264568771548245,0.24015734516303677,97.00117017372204,322877.8707154687
5.915561363283323,0.22155704875367377,95.02152326800585,35908.01162833024
5.985727487220929,0.2340009397304641,99.64153312019221,39936.53333440072
6.1837097859823205,0.23143382262524081,99.25748011762686,57784.75217378889
6.227640274655869,0.23636996788188736,98.62550287028894,62088.22591771648
7.041241847898783,0.22575090955795574,96.82018886785285,283394.3700211987
6.575318103660778,0.24108110380606007,96.60498799903688,116784.6816309391
6.044782320113366,0.22609260820763666,96.9667367947816,45179.57664015678
6.044595211170057,0.22893751472951251,98.18686205274292,44927.9384136842
6.730153726580197,0.2300360292987076,98.65799365647297,158522.6844707624
6.304431423459494,0.2383300185712729,97.78487512571652,71264.79330498405
6.420961992753668,0.22664581138759488,97.20399491467458,90250.19168774158
6.420335413565767,0.22593865814818415,96.90071059864535,90263.58802438612
6.142231066949802,0.23204036947086326,99.51761630164205,53474.21729412876
6.065997692656009,0.2346864905985564,99.34751364245373,46242.31524140417
6.266492161351184,0.23891315320673456,97.53477998478736,66382.9677523301
6.169453403014639,0.2391904600118453,97.41584847174171,55488.44159332464
6.093714002730505,0.23257296035415198,99.74603420706836,48854.4293059483
6.248989448761248,0.22676612610604518,97.25559556508503,65731.274184544
6.3812965308564635,0.22761265373293416,97.61865485409402,83741.72748944699
6.148986014782991,0.23198254604481416,99.49281695513213,54149.53789732836
5.894630447708841,0.2369322423507061,98.38435425045303,33585.02170322955
6.236019525073438,0.2432622180799573,95.66955036844392,62258.53111024143
6.392020436216698,0.23982767016385065,97.14256139003525,83512.0245969028
6.283648067598802,0.23239652361464014,99.67036390976494,69341.77782083035
6.078038589804497,0.23732297469466967,98.21677672257768,47050.39369819662
6.703249597774997,0.23241861612465264,99.67983895904011,150197.21980913563
6.269057961315238,0.24413015910352698,95.29730728870297,66059.55860873882
6.424373447015684,0.22241364300421296,95.38889993675424,91529.92329277677
6.441758446517588,0.23186933905391527,99.44426467128328,92876.6644709084
6.043132039503414,0.24015498169426763,97.00218381966066,43890.6236069767
6.0789954240212,0.22775222629322833,97.6785148195529,47971.74374951988
6.039349042475627,0.23371567024192164,99.763879673803,44105.9165336636
6.19554434473019,0.23761130255435692,98.09311849287023,58390.07001233515
5.965407722060685,0.22688122203094263,97.30495797610837,38977.14797612057
6.473378586732909,0.23421238587638538,99.55084796714647,98023.12192373237
6.04887555686031,0.22179154012352598,95.12209207085776,45883.627818935594
6.4918315408341085,0.2215744123421297,95.02897017449682,103800.99556694724
6.860778459698886,0.22843325087041055,97.97059305886341,202243.24255644908
6.338240892563559,0.2225780868587286,95.45942671816805,78077.28124920974
6.608909161643148,0.22721438218430556,97.44784390748734,127453.69075250195
6.1169857596006905,0.22663043198944166,97.19739898894039,51555.599151838
6.151679084990265,0.24246607016700938,96.01100277476777,53377.99734342326
6.297277727970109,0.24321685093274326,95.68900745842977,69701.55561736481
6.033441829706036,0.24398482013775524,95.35964035368788,42811.008960774336
6.120247984764482,0.23724946901484323,98.24830188372805,50861.629967435176
6.662623504083478,0.24334791448851867,95.63279684005967,136589.49272754072
6.487290594710952,0.24350630105094062,95.56486791380262,98860.55447703144
5.994111751522118,0.23747084067471746,98.15335987015662,40299.712901003404
6.126997457518109,0.24282649454360783,95.85642374656732,50971.598101139614
6.497678725923872,0.2242794121223488,96.18909214309105,104403.55605862763
6.576849652947656,0.24370422520604862,95.47998208048931,116550.09073607321
6.714877554338417,0.24229416101082268,96.08473127935144,150682.85231959375
6.296185926000437,0.22792772678390172,97.75378357787893,71548.49278236754
6.398200386038803,0.23533481156874192,99.06946134621597,85170.13987058199
6.231819219349814,0.2333060556423252,99.93955543508172,62922.1608991252
6.975983825901899,0.24128098440339762,96.51926308557745,244208.3418554276
6.203573952668513,0.24352842471769343,95.55537950200552,58617.73233952504
6.30126258137689,0.2232203098000065,95.73486368801925,72849.71478389397
6.418884294185415,0.23744105592658205,98.16613397124662,88135.25452506109
6.261715011016217,0.2345882431562929,99.3896500658877,66327.6891257422
6.665784404126076,0.23567264506222418,98.92457110985374,139343.36386004215
6.416106662537623,0.2353129165351655,99.07885170167583,88029.87057504572
6.271672536357242,0.2373920487699479,98.18715219071021,67207.52900202922
6.1800551213505095,0.2404351784203742,96.88201287552177,56453.16059368244
6.595484833666952,0.22842993640107512,97.96917154721731,124062.46822619443
6.512657630865991,0.22222277553382153,95.30704057872015,107731.78433745586
6.682099790125137,0.23045119482394139,98.83605010215138,144982.5989943138
6.399944821973819,0.22835654720796317,97.93769634496067,86549.70699987437
6.744941310924749,0.2295743858527839,98.46000373159754,163038.7647642931
6.411568027910152,0.22777968031909168,97.6902893190421,88516.81356085351
6.914162851982381,0.24386110466279654,95.41269952264021,216889.93344527774
6.194265086257574,0.24004130174621974,97.05093894566231,57992.460968665575
6.141331364900345,0.23924134785188222,97.39402366362421,52682.183904443445
6.037577193411782,0.22648261395590996,97.13400269985063,44551.867740508926
6.388433270024409,0.24045571916449582,96.87320334855582,82866.08093035231
6.4390676597836,0.23188706697685735,99.45186783377262,92414.42694888012
6.242311305239989,0.24170250435756735,96.33848134851073,63165.53301903262
6.551241435156997,0.2388626361684869,97.55644576320553,112175.79798468741
5.9480210995310125,0.24327421931635307,95.66440327080093,36625.67578700631
6.115813763503147,0.2447532142061588,95.03009103327341,49755.34144532725
6.067545182183522,0.24018437099361822,96.9895793188886,45907.02917336298
5.784528600463218,0.22834176429090913,97.93135623840699,27856.97016521538
6.501261469704285,0.23440837646735968,99.46679140200743,103152.1452438426
6.276214159447774,0.2218071204221186,95.1287741588959,69746.01590071508
6.401767883856131,0.2250344676442264,96.5129208194718,87373.90830156392
6.643348714616249,0.24137428554474294,96.47924803472195,132305.0011032561
6.573730603270486,0.2427480596120839,95.89006296821587,116086.65406474854
6.270140834543998,0.22672351283507197,97.23731955923424,68348.26636340823
6.50208600811482,0.2243839272321413,96.23391664762778,105234.35360968916
6.553734604652815,0.23429568520566768,99.51512249959698,113644.21001752488
6.985609129482044,0.2407511444867314,96.74650115474759,248819.63151122862
6.881986286181258,0.23629999148670944,98.65551438966968,207275.0079638585
6.154550863395546,0.22869902685489407,98.0845792264701,55039.38578115312
6.455552350887399,0.23697172341997508,98.36742158519462,94375.63792622967
6.5658290564773925,0.23850366281458957,97.71040247589795,115307.2324509291
6.149999873097049,0.2384476093411303,97.73444272405311,53608.50670246095
6.412191891006338,0.23880778997369934,97.57996823294181,86836.49379027
6.1616907731761215,0.23305885687527716,99.95442580574537,55321.97585788942
6.349351031299868,0.23789731947923265,97.97045137830537,77474.24699325899
5.919741769972314,0.23744138840121032,98.16599137932367,35142.11917448776
6.3536653747067895,0.23448938682890663,99.43204762834739,78584.2049786584
6.443069454887512,0.24086899417947194,96.69595770607889,91570.50849704069
6.159096733160239,0.2417940462615782,96.29922080044469,54179.39282972633
6.5707801522784575,0.24149787409594214,96.4262433009096,115723.6357649413
6.148007877730976,0.24434205502128403,95.20642923723581,52835.33172489598
6.614446707314693,0.2222934496774691,95.33735134889348,129932.93949291919
6.087904738181268,0.24348312985459142,95.57480559073697,47372.69794536722
6.1567148216305165,0.23626258173740933,98.67155870594652,54494.64433990739
6.803691663542431,0.24410371626902272,95.30864810782045,176875.5903752618
6.261596337161396,0.24319124947158688,95.6999874288286,65270.571667131124
6.1730715465281545,0.22997347494675946,98.63116530755521,56816.02073571679
6.154786735109648,0.24354754968887438,95.54717717260868,53577.59839120357
5.835682878499444,0.24179111608651027,96.3004774957291,29860.623116368486
6.391992047559067,0.22414883551194986,96.13309036615333,85954.6778706011
6.066425879061029,0.2298776511012468,98.59006831778561,46690.58129698215
7.090035305910721,0.22440149962191125,96.24145310495466,310817.63226560375
6.5508500525998485,0.22940680973427163,98.38813358287535,114064.57505526465
6.328325165631548,0.2361258155957584,98.7302150528525,74774.52657145614
6.7968943353676945,0.24015757078200295,97.00107341012114,175949.05692108098
6.1480000782922595,0.2236269368583894,95.90925815078577,54889.66763640039
6.303445301023531,0.2304303355927173,98.82710398224113,72178.1847277375
6.297016473194345,0.22664767920779827,97.20479598655162,71827.208592115
6.24938339063628,0.22704035431653224,97.37320672857597,65745.77111132091
5.960501447376914,0.23998696284898546,97.0742438453121,37705.0976246515
5.989248497808791,0.23597023152301588,98.79694204561305,40050.85295372996
6.048887837504033,0.22363978502578608,95.91476848071704,45728.70944398606
6.601673196632626,0.22283215376055132,95.56839108720521,126785.44779901319
6.22295480338514,0.22804320619022267,97.80331045665092,62506.08954518912
6.465394550828524,0.23321443677896259,99.97884898952185,96769.74649600463
6.565313965696212,0.2235199470952125,95.86337231538427,118421.7698726176
6.283648939988795,0.24464461821878114,95.07666574709754,67794.90421309628
6.43044526264871,0.2426051084134846,95.95137196614803,89179.95596087106
6.437472128482973,0.2253013323219335,96.62737390649745,93267.85321301976
6.525458210485323,0.23697578311414613,98.3656804610629,107345.01873596091
6.003715476097628,0.22712383057063068,97.40900807574936,41808.34043961324
6.2925676973736575,0.2443955358846983,95.18349233165823,68949.5491133256
6.108818639848681,0.23188848559106656,99.45247624990674,50296.23641891707
6.413685538551792,0.22267861648639187,95.5025419266792,89701.70462581243
6.263579429466664,0.24186043468028373,96.27074809461908,65670.23684636063
6.130098653844432,0.23566310035381033,98.92866465026573,51944.56122515716
6.197806818273414,0.2356713630657401,98.92512093329393,58843.83699641025
6.94723314890719,0.23871357950493266,97.6203732767008,232709.3265152929
6.183595978906244,0.24189063030878355,96.25779777490581,56670.44402389838
6.7009325009934555,0.22867290481260838,98.07337598891651,150593.00277185193
6.307133447053023,0.22187720978936287,95.1588341298059,73824.26079212714
6.330739291353543,0.23640496211063144,98.61049452395305,75069.18107072702
6.223696262857024,0.2406587031038656,96.78614747185787,61153.72925563657
6.196641207163877,0.24059273838157047,96.81443846250654,58187.71612419068
6.294355797252663,0.22589836567620303,96.88342993849297,71574.75623446719
5.9947222168564025,0.2361695320674615,98.7114659055945,40441.886800747816
6.56635091122293,0.23916972858319596,97.42473977960513,115276.60528824962
6.193070751294669,0.23801653148415003,97.91932366035279,58081.242518301035
6.803300338846966,0.2305694462231873,98.88676583495307,181210.0655518851
6.049490079161898,0.22853720957960721,98.01517893397057,45368.322674459756
6.479998189949498,0.22517678258459473,96.57395693858271,100891.09168812922
6.364334520748609,0.24030114728296326,96.93949623212801,79290.51187851734
6.704406480631649,0.23744933971206628,98.16258121623582,149129.23861019406
6.01249341489373,0.2374197302288259,98.1752801496099,41691.596989606915
6.951551908956289,0.22640639048635336,97.10131193137008,239946.6024194077
6.435220972205645,0.227600470601228,97.61342974507852,92489.34539701534
6.107890133650967,0.23199271058078796,99.49717632756905,50200.6438650203
6.619830115218753,0.23902674210737818,97.48606390725243,127244.57790890503
6.424691454368218,0.22776523711731933,97.68409490978725,90685.151899902
6.621553743893423,0.22403568873136948,96.0845639053429,131223.35419882927
6.154480024523402,0.232086968403026,99.53760168031394,54689.82125081595
6.293961616237036,0.24147295306097227,96.43693144970729,69499.9803407519
6.1185410076401245,0.2362084323946787,98.69478230934425,50799.274639165866
6.069599464111302,0.24307935670764813,95.74797606621088,45835.989478088064
6.552496254403553,0.23255680219187713,99.73910428449896,113749.04097467415
6.174214589985576,0.24434669570370104,95.20443893850803,55448.076247260375
5.936509131653709,0.23970336011260596,97.19587556123062,36093.798128922375
6.097755658399965,0.2250590299797297,96.52345512902174,49905.52176143337
6.570866357417989,0.23837052328128294,97.76750344078783,116410.70961700474
6.387117782834276,0.22348276153201851,95.84742414818241,85290.94477508265
6.120686813230145,0.23593136491509537,98.8136111803106,51026.507903975755
6.166300893786174,0.24443471508109393,95.1666891338233,54636.767148631705
6.057295886944977,0.23624078053684894,98.68090881824479,45376.8677562533
6.301036468255262,0.22693924144761102,97.32984137919557,72322.22461883968
6.489215006449749,0.23331262249644347,99.93673903865061,101092.19144806288
5.860278582841673,0.23854799331036514,97.69138998561829,31431.901501183478
6.071343251832648,0.2230518145186693,95.66259932817965,47711.60732374146
6.673507862278605,0.24316765746818092,95.71010558175215,139402.01406589936
5.958157090653495,0.22882440424147443,98.13835115710036,38322.58681040855
6.175092275889831,0.23966975509298294,97.21028810270467,56018.34371790726
6.3551360682181866,0.23816089699147724,97.85740809282399,78266.2612229957
5.867485284847719,0.22780465123161164,97.7009988593541,32488.610652120846
6.086579530650382,0.23623254517410341,98.68444080568165,47892.611652472035
6.694394128860941,0.22534596099700277,96.64651428009591,149704.7682526425
6.2494866856557545,0.2344517417141665,99.44819288829886,64866.61869192042
6.565620380591874,0.22487382986326132,96.44402638922207,118193.49259632613
6.696840860950384,0.23825560134585988,97.81679123109843,146847.05804647124
6.284957842391186,0.22515992514180816,96.56672710815758,70442.07956617196
6.371777684648833,0.24451915712085714,95.13047357990031,79762.9811195181
6.924930967473799,0.24281069720473258,95.86319891897529,221663.53605282397
6.4949610896016,0.22933476184322643,98.35723363907366,102919.3044438088
6.55383921433147,0.24010402067530556,97.02404001280055,112456.43015793315
6.475565179057402,0.22454653965341453,96.30365796282673,100186.81646713702
5.972542433173677,0.2401750763312176,96.99356561941272,38537.418226628775
6.157653659968051,0.2393929731965958,97.32899449257427,54275.089435213275
6.161553510658872,0.23983323868312834,97.14017316006428,54622.0841222321
6.903968802544316,0.2238267878877105,95.9949703830961,220857.2424084338
6.452563879789738,0.23218475624478074,99.57954098999916,94688.82171208279
6.032785497681679,0.23451246338421772,99.42215054111965,43511.93995652228
6.123413781709341,0.23527093733254212,99.09685576790297,51345.90552393248
6.501232666374422,0.23556021012568173,98.97279227455559,102928.05014089697
6.288592578185186,0.23151800086576735,99.29358253317106,70089.5813020088
6.153980741194117,0.24263381896971925,95.93905856514077,53588.23257607401
6.288034964158644,0.23022799523715065,98.74032412616032,70184.20538483
6.144647670018759,0.2340981900299708,99.59982435195677,53509.570843195885
5.842056855214649,0.24476845006520698,95.02355666867885,30048.048462134775
6.134540130342193,0.22700736350018946,97.35905760698232,53213.03776273819
6.128344718268844,0.22898965700416074,98.20922486354766,52417.43481459962
6.010698901760587,0.22705565271750672,97.37976791619035,42354.96680152636
5.947086401270202,0.22381676481400348,95.99067168108311,37896.94918798873
6.633920720545024,0.2245496169063106,96.30497773694049,134120.0309017937
6.140048696067214,0.24367674035612286,95.49176979982133,52130.18110259737
6.6064892786383025,0.2291569030842293,98.28095346517924,126433.58879809035
6.074460728572004,0.23207612597152938,99.53295157162846,47195.27055509376
6.440966130136887,0.22225139412305683,95.31931453686418,94398.95533452636
6.570956702238702,0.2257570671387299,96.82282973488054,119167.01576417318
6.349578304924715,0.24185596113701902,96.27266671060448,76943.55194009047
6.207699920779628,0.2438938807677955,95.39864248657969,59025.200948889615
6.59891880935084,0.22263599171027249,95.48426098649423,126189.38173083383
6.461865640477865,0.23888155452985593,97.54833204475185,95144.28443243924
